date,gb_spi,dv_spi
1950-12,-0.3064,0.8521
1951-01,0.357,1.0467
1951-02,0.9236,0.9744
1951-03,1.4447,1.3728
1951-04,1.369,1.1428
1951-05,1.1709,1.1431
1951-06,1.1817,1.1396
1951-07,1.1986,1.1383
1951-08,1.2039,1.1454
1951-09,1.2128,1.0259
1951-10,1.2611,1.0788
1951-11,1.1904,0.9471
1951-12,0.3754,0.325
1952-01,0.2626,0.8333
1952-02,0.0888,0.5417
1952-03,-0.9191,-0.5247
1952-04,-0.6688,-0.4578
1952-05,-0.5333,-0.4636
1952-06,-0.3583,-0.4536
1952-07,-0.3724,-0.4525
1952-08,-0.325,-0.4568
1952-09,-0.3337,-0.3863
1952-10,-0.5312,-0.4548
1952-11,-0.8693,-0.6363
1952-12,-0.7009,-0.6605
1953-01,-1.6613,-1.8712
1953-02,-1.3649,-1.3731
1953-03,-1.2415,-0.6467
1953-04,-1.2746,0.1879
1953-05,-1.4396,0.1917
1953-06,-1.16,0.1838
1953-07,-1.1482,0.1837
1953-08,-1.2121,0.2156
1953-09,-0.6737,0.1863
1953-10,-0.3795,0.1652
1953-11,-0.3212,0.2123
1953-12,0.9139,0.4378
1954-01,1.2656,0.58
1954-02,0.4813,0.2729
1954-03,0.6802,-0.1162
1954-04,0.7362,-0.9482
1954-05,0.623,-0.9199
1954-06,0.2361,-0.9157
1954-07,0.2567,-0.9139
1954-08,0.2573,-0.9696
1954-09,0.2431,-0.9967
1954-10,0.0342,-1.0119
1954-11,-0.0637,-1.1621
1954-12,-1.2343,-1.2674
1955-01,-1.3661,-1.2209
1955-02,-0.9788,-1.9761
1955-03,-1.2619,-2.752
1955-04,-1.6729,-2.8983
1955-05,-1.446,-2.711
1955-06,-1.4774,-2.709
1955-07,-1.5486,-2.7047
1955-08,-1.5531,-2.7179
1955-09,-2.0936,-2.7082
1955-10,-2.0126,-2.6502
1955-11,-2.0817,-2.7665
1955-12,-2.5333,-3.0904
1956-01,-1.8949,-1.4922
1956-02,-2.4473,-1.4478
1956-03,-1.7634,-0.7884
1956-04,-1.3451,-0.8391
1956-05,-1.0944,-0.8781
1956-06,-0.8825,-0.8754
1956-07,-0.8909,-0.8734
1956-08,-0.9001,-0.8502
1956-09,-0.9004,-0.8436
1956-10,-0.746,-0.6525
1956-11,-0.0029,-0.1006
1956-12,0.8087,0.3894
1957-01,0.686,0.0186
1957-02,1.0883,0.3859
1957-03,0.9057,-0.0101
1957-04,1.3164,0.1175
1957-05,1.0508,0.0561
1957-06,0.891,0.0591
1957-07,0.8949,0.059
1957-08,0.9009,0.0275
1957-09,0.868,0.0296
1957-10,0.7237,-0.1052
1957-11,0.0447,-0.842
1957-12,-0.7707,-1.1238
1958-01,-0.0571,-1.0095
1958-02,-0.3281,-1.6748
1958-03,-0.4849,-1.4768
1958-04,-0.9393,-1.3154
1958-05,-0.7963,-1.2658
1958-06,-0.6384,-1.2655
1958-07,-0.6473,-1.2547
1958-08,-0.6523,-1.268
1958-09,-0.3982,-1.2596
1958-10,-0.2424,-1.2268
1958-11,0.1057,-1.1552
1958-12,-0.0512,-1.7078
1959-01,-0.5364,-1.8563
1959-02,-0.1887,-0.8947
1959-03,-0.0637,-1.2251
1959-04,0.1881,-1.1753
1959-05,-0.1021,-1.2159
1959-06,-0.2622,-1.2164
1959-07,-0.2674,-1.2221
1959-08,-0.2711,-1.2344
1959-09,-0.4863,-1.1783
1959-10,-0.5307,-1.1488
1959-11,0.0919,-1.1673
1959-12,0.1815,-1.1173
1960-01,0.1213,0.0403
1960-02,-0.1242,-0.6073
1960-03,0.0422,-0.2118
1960-04,-0.3796,-0.353
1960-05,0.3516,-0.2803
1960-06,0.5691,-0.1774
1960-07,0.5833,-0.1755
1960-08,0.5856,-0.1781
1960-09,0.5457,-0.2128
1960-10,0.5476,-0.2054
1960-11,-0.2469,-0.2469
1960-12,-0.2331,0.2866
1961-01,-0.145,-0.4233
1961-02,-0.1674,-0.0642
1961-03,-0.5358,-0.4669
1961-04,-0.9759,-0.4567
1961-05,-1.178,-0.5285
1961-06,-1.471,-0.6399
1961-07,-1.5029,-0.6406
1961-08,-1.5078,-0.6134
1961-09,-1.0341,-0.5994
1961-10,-1.1002,-0.5663
1961-11,-0.2466,-0.6039
1961-12,-0.2127,-1.0034
1962-01,-0.6255,-1.061
1962-02,-0.8673,-1.7752
1962-03,-0.0293,-0.6266
1962-04,0.3879,-0.0172
1962-05,0.1742,0.1567
1962-06,0.3425,0.1873
1962-07,0.3448,0.1876
1962-08,0.3432,0.1584
1962-09,-0.1003,0.1535
1962-10,0.4357,0.2301
1962-11,0.518,0.4992
1962-12,1.4542,1.2088
1963-01,1.4651,1.4786
1963-02,2.0529,1.7761
1963-03,1.5902,1.4297
1963-04,1.6003,0.9235
1963-05,1.3643,0.7831
1963-06,1.2228,0.7622
1963-07,1.2361,0.7612
1963-08,1.2419,0.7653
1963-09,1.2574,0.7661
1963-10,1.0405,0.685
1963-11,0.0993,0.3537
1963-12,-0.5476,-0.5271
1964-01,-0.975,-1.3052
1964-02,-1.7764,-1.7187
1964-03,-1.157,-0.2479
1964-04,-1.1433,-0.1496
1964-05,0.2431,-0.1348
1964-06,0.2441,-0.1421
1964-07,0.2461,-0.1416
1964-08,0.2465,-0.1448
1964-09,0.2601,-0.1412
1964-10,0.3185,-0.0597
1964-11,0.4857,0.1072
1964-12,-0.0443,0.2025
1965-01,0.6338,0.5258
1965-02,1.1158,0.9147
1965-03,0.6372,-0.2089
1965-04,0.4987,-0.2855
1965-05,-0.2998,-0.2329
1965-06,-0.1861,-0.2317
1965-07,-0.1916,-0.231
1965-08,-0.161,-0.2349
1965-09,0.1061,-0.1931
1965-10,-0.181,-0.1496
1965-11,-0.1785,-0.3464
1965-12,0.4315,-0.376
1966-01,-0.1197,-0.2273
1966-02,-0.369,-0.673
1966-03,-0.6512,-1.0355
1966-04,-1.0225,-1.0323
1966-05,-0.8805,-1.1174
1966-06,-1.0247,-1.1157
1966-07,-1.0385,-1.1137
1966-08,-0.9871,-1.1239
1966-09,-1.3435,-1.1672
1966-10,-1.0343,-1.2897
1966-11,-0.9974,-1.5313
1966-12,-1.3875,-2.0178
1967-01,-1.0267,-2.1249
1967-02,-1.8401,-3.1761
1967-03,-1.3578,-2.4345
1967-04,-1.2741,-2.4041
1967-05,-2.1131,-2.4062
1967-06,-2.0125,-2.3954
1967-07,-2.0379,-2.3915
1967-08,-2.1509,-2.2148
1967-09,-2.1864,-2.2049
1967-10,-2.4854,-2.1665
1967-11,-2.1605,-2.1927
1967-12,-2.6367,-1.9957
1968-01,-2.1102,-1.8439
1968-02,-0.9398,-0.6877
1968-03,-0.8437,-1.1968
1968-04,-0.7552,-0.9809
1968-05,-0.5285,-0.9781
1968-06,-0.4193,-0.98
1968-07,-0.4258,-0.9765
1968-08,-0.4371,-1.1175
1968-09,-0.433,-1.1085
1968-10,-0.3749,-1.081
1968-11,-0.6735,-1.1721
1968-12,-0.2434,-0.9062
1969-01,-0.3289,-0.7911
1969-02,-0.7499,-1.5208
1969-03,-0.9697,-1.0975
1969-04,-0.6417,-1.2286
1969-05,-0.2289,-1.1271
1969-06,-0.4473,-1.1225
1969-07,-0.3968,-1.1222
1969-08,-0.4004,-1.1346
1969-09,-0.3574,-1.1254
1969-10,-0.4162,-1.0989
1969-11,-0.4417,-1.2529
1969-12,0.1153,-0.6222
1970-01,0.242,0.0496
1970-02,0.6647,0.6398
1970-03,1.4403,0.9386
1970-04,1.4147,0.9653
1970-05,1.2201,1.1271
1970-06,1.3256,1.1244
1970-07,1.2946,1.1231
1970-08,1.3006,1.1306
1970-09,1.27,1.1273
1970-10,1.4741,1.5267
1970-11,1.482,1.6296
1970-12,1.1402,1.2184
1971-01,1.252,1.0574
1971-02,0.7601,0.7379
1971-03,0.1286,0.7265
1971-04,-0.1256,0.6841
1971-05,0.2793,0.4513
1971-06,0.2383,0.4524
1971-07,0.2394,0.4522
1971-08,0.2399,0.4538
1971-09,0.2376,0.6324
1971-10,0.0994,0.1221
1971-11,0.3086,0.3114
1971-12,0.2088,0.5386
1972-01,-0.1603,0.7149
1972-02,0.323,0.9919
1972-03,0.0675,0.8868
1972-04,0.3215,0.9301
1972-05,0.4357,1.0235
1972-06,0.4283,1.0208
1972-07,0.4317,1.0196
1972-08,0.4331,1.026
1972-09,0.4497,0.8646
1972-10,0.2796,0.8447
1972-11,0.0805,0.6759
1972-12,-0.1366,1.3867
1973-01,0.0135,0.957
1973-02,-0.6757,0.129
1973-03,-0.8626,-0.216
1973-04,-1.1478,-0.123
1973-05,-1.7367,-0.2524
1973-06,-1.5652,-0.2451
1973-07,-1.5835,-0.2443
1973-08,-1.5925,-0.2483
1973-09,-1.626,-0.2445
1973-10,-1.3612,-0.2148
1973-11,-1.2948,-0.2283
1973-12,-1.3132,-1.3591
1974-01,-1.4352,-1.6929
1974-02,-1.5681,-1.6595
1974-03,-1.2472,-1.3415
1974-04,-0.5038,-1.3254
1974-05,-0.7981,-1.2805
1974-06,-0.9939,-1.2645
1974-07,-1.009,-1.2622
1974-08,-1.0148,-1.2752
1974-09,-1.04,-1.268
1974-10,-1.1821,-1.188
1974-11,-0.7236,-0.8772
1974-12,-0.1229,-1.1345
1975-01,0.0671,-0.7841
1975-02,1.0635,-0.0054
1975-03,1.233,-0.4329
1975-04,0.5251,-0.5216
1975-05,0.5022,-0.5655
1975-06,0.4494,-0.5823
1975-07,0.4553,-0.5811
1975-08,0.4567,-0.5881
1975-09,0.4599,-0.5507
1975-10,0.4447,-0.5616
1975-11,0.4717,-0.7868
1975-12,0.2402,-0.3278
1976-01,1.1638,0.2703
1976-02,0.496,0.1085
1976-03,1.0783,1.4381
1976-04,1.1581,1.3801
1976-05,1.1414,1.3763
1976-06,1.3284,1.3744
1976-07,1.369,1.3727
1976-08,1.3753,1.3821
1976-09,1.4009,1.3606
1976-10,1.5424,1.3397
1976-11,0.9499,1.2628
1976-12,0.9863,0.862
1977-01,0.143,0.6633
1977-02,-0.3658,0.3462
1977-03,-1.2474,-1.2205
1977-04,-0.8765,-0.9099
1977-05,-0.752,-0.6479
1977-06,-0.9481,-0.645
1977-07,-0.817,-0.5344
1977-08,-0.8217,-0.5404
1977-09,-0.8445,-0.5357
1977-10,-0.8622,-0.5577
1977-11,-0.658,-0.6143
1977-12,-0.6852,-0.2471
1978-01,-1.6225,-0.7699
1978-02,-0.6789,-0.7262
1978-03,-1.0494,-0.7831
1978-04,-1.3516,-0.9496
1978-05,-0.8433,-1.033
1978-06,-0.5733,-1.0323
1978-07,-0.5738,-1.1571
1978-08,-0.5774,-1.1697
1978-09,-0.5908,-1.1632
1978-10,-0.6644,-1.1061
1978-11,-0.4201,-0.7281
1978-12,-0.9106,-0.7297
1979-01,-0.3373,-0.4479
1979-02,0.4997,0.3676
1979-03,0.8178,0.3296
1979-04,1.3898,0.6023
1979-05,1.0701,0.4749
1979-06,1.2497,0.4795
1979-07,1.3077,0.4792
1979-08,1.3136,0.4812
1979-09,1.6179,0.7708
1979-10,1.64,0.7437
1979-11,1.7004,0.6364
1979-12,2.0232,0.5401
1980-01,2.6786,1.3141
1980-02,2.0175,1.0101
1980-03,1.6755,0.9843
1980-04,1.0437,0.7415
1980-05,1.4827,0.9298
1980-06,1.0937,0.9241
1980-07,0.9841,0.9237
1980-08,0.9888,0.9293
1980-09,0.7382,0.6536
1980-10,0.7387,0.6528
1980-11,0.7072,0.5333
1980-12,0.7383,0.234
1981-01,0.4401,-0.3592
1981-02,0.7193,-0.4186
1981-03,1.1988,-0.5071
1981-04,1.2329,-0.53
1981-05,0.9962,-0.7866
1981-06,1.0743,-0.7839
1981-07,1.0163,-0.7834
1981-08,1.0326,-0.7912
1981-09,0.9994,-0.6799
1981-10,0.8949,-0.3334
1981-11,1.0098,0.0058
1981-12,0.4408,0.1213
1982-01,0.1499,-0.0106
1982-02,0.5807,0.8442
1982-03,0.0578,0.9314
1982-04,0.3631,1.1119
1982-05,0.3565,1.1098
1982-06,0.3423,1.1086
1982-07,0.3438,1.1074
1982-08,0.3329,1.1238
1982-09,0.3655,1.1976
1982-10,0.8059,1.053
1982-11,0.847,1.0427
1982-12,1.2995,1.1466
1983-01,0.5579,0.8289
1983-02,-0.4484,-0.3961
1983-03,-0.5044,-0.1615
1983-04,-1.0104,-0.4855
1983-05,-1.153,-0.4672
1983-06,-1.2324,-0.467
1983-07,-1.2475,-0.4661
1983-08,-1.1767,-0.485
1983-09,-1.2347,-0.6971
1983-10,-1.7344,-0.7962
1983-11,-1.5787,-0.801
1983-12,-1.976,-1.1789
1984-01,-1.7347,-1.0424
1984-02,-1.5874,-0.607
1984-03,-1.6679,-1.1178
1984-04,-0.822,-0.9512
1984-05,-0.582,-0.9571
1984-06,-0.3131,-0.9444
1984-07,-0.3186,-0.9425
1984-08,-0.391,-0.9542
1984-09,-0.4,-0.9466
1984-10,-0.5464,-0.8619
1984-11,0.0348,-1.2058
1984-12,0.3401,-0.3805
1985-01,0.8701,0.5206
1985-02,1.3878,1.226
1985-03,1.8082,1.6862
1985-04,1.3284,1.6168
1985-05,1.0962,1.6031
1985-06,0.9014,1.6025
1985-07,0.9095,1.6005
1985-08,0.9138,1.612
1985-09,0.9252,1.7274
1985-10,1.0151,1.645
1985-11,0.7268,2.1851
1985-12,1.3048,1.8713
1986-01,1.1294,1.8575
1986-02,1.0994,1.6947
1986-03,1.6873,1.9997
1986-04,2.0627,2.3718
1986-05,2.7325,2.4552
1986-06,2.9477,2.4479
1986-07,3.0601,2.4627
1986-08,3.0749,2.4813
1986-09,3.1446,2.375
1986-10,3.2245,2.4236
1986-11,3.1631,2.473
1986-12,2.4763,2.3144
1987-01,1.9309,1.8188
1987-02,1.9593,1.8149
1987-03,0.6077,1.2939
1987-04,0.3756,0.9642
1987-05,-0.362,0.8801
1987-06,-0.7117,0.8813
1987-07,-0.3649,0.856
1987-08,-0.3676,0.8612
1987-09,-0.4131,0.9089
1987-10,-0.8171,0.7748
1987-11,-0.2602,0.3822
1987-12,0.3849,0.4104
1988-01,0.7238,0.2852
1988-02,0.2785,-1.0041
1988-03,0.7408,-1.1916
1988-04,0.5253,-1.3771
1988-05,0.3108,-1.4212
1988-06,0.3102,-1.4152
1988-07,-0.1281,-1.4134
1988-08,-0.1293,-1.4217
1988-09,-0.1344,-1.5027
1988-10,0.0871,-1.4315
1988-11,-0.8199,-1.5042
1988-12,-1.1795,-0.3798
1989-01,-1.6868,-0.81
1989-02,-1.5002,-0.0236
1989-03,-1.8326,0.2896
1989-04,-0.9462,0.4112
1989-05,-0.7488,0.3916
1989-06,-0.4521,0.3833
1989-07,-0.4254,0.3829
1989-08,-0.4285,0.3805
1989-09,-0.4177,0.3825
1989-10,-0.2363,0.4103
1989-11,-0.189,0.6269
1989-12,-0.5639,-0.2036
1990-01,0.9496,0.8364
1990-02,0.6636,1.0083
1990-03,0.7936,1.0607
1990-04,0.0908,0.8849
1990-05,0.1439,0.9185
1990-06,-0.0978,0.9168
1990-07,-0.1328,0.9159
1990-08,-0.1342,0.9216
1990-09,-0.1601,1.2238
1990-10,-0.3751,1.174
1990-11,-0.7071,0.8661
1990-12,-0.0048,1.4003
1991-01,-0.9946,0.9418
1991-02,-1.2607,-0.1042
1991-03,-1.221,-0.2743
1991-04,-0.854,-0.2618
1991-05,-1.0525,-0.315
1991-06,-0.6906,-0.3141
1991-07,-0.7004,-0.2997
1991-08,-0.7048,-0.1974
1991-09,-0.5157,-0.4385
1991-10,-0.5589,-0.3737
1991-11,-0.2898,0.5072
1991-12,-0.8303,-0.3606
1992-01,-1.3865,-0.8447
1992-02,-0.4085,0.454
1992-03,-0.6065,0.3556
1992-04,-1.0407,0.5632
1992-05,-1.1936,0.5615
1992-06,-1.6514,0.5612
1992-07,-1.3871,0.5498
1992-08,-1.3951,0.4637
1992-09,-1.6528,0.3177
1992-10,-1.1001,0.2882
1992-11,-0.8136,0.2551
1992-12,-1.1036,0.3577
1993-01,-0.8784,0.4184
1993-02,-1.0462,0.3094
1993-03,-0.422,0.9672
1993-04,-0.3862,1.0251
1993-05,-0.1155,1.0417
1993-06,0.278,1.0556
1993-07,0.0724,1.0544
1993-08,0.409,1.0614
1993-09,0.4188,1.1707
1993-10,0.0126,1.1467
1993-11,-0.44,0.7755
1993-12,0.033,0.7385
1994-01,0.8504,1.0604
1994-02,0.3631,0.8527
1994-03,0.4226,0.673
1994-04,1.4005,0.5803
1994-05,1.7716,0.585
1994-06,1.7208,0.6348
1994-07,1.732,0.6342
1994-08,1.4601,0.6643
1994-09,1.4743,0.9225
1994-10,1.5388,0.9271
1994-11,1.5579,0.9658
1994-12,1.6568,1.0964
1995-01,0.944,1.0895
1995-02,1.1967,1.3243
1995-03,0.9212,1.3273
1995-04,-0.0903,1.1909
1995-05,0.1656,1.4028
1995-06,0.402,1.3554
1995-07,0.4037,1.3538
1995-08,0.4059,1.4214
1995-09,0.4097,1.092
1995-10,0.2021,1.1045
1995-11,0.0036,0.8786
1995-12,0.8447,1.2419
1996-01,0.6863,0.7638
1996-02,0.6386,0.2671
1996-03,0.7753,0.4134
1996-04,0.9253,0.4427
1996-05,0.277,0.151
1996-06,-0.2793,0.1359
1996-07,-0.2844,0.1362
1996-08,-0.2876,0.0259
1996-09,-0.2945,0.0155
1996-10,-0.2006,-0.0096
1996-11,0.6448,0.543
1996-12,-0.689,-0.3502
1997-01,-0.1582,0.0854
1997-02,-0.6362,-0.66
1997-03,-1.2723,-1.4989
1997-04,-1.1936,-1.5197
1997-05,-1.5269,-1.5298
1997-06,-1.0579,-1.5054
1997-07,-1.072,-1.5032
1997-08,-1.0669,-1.5153
1997-09,-1.0827,-1.003
1997-10,-0.8894,-1.0397
1997-11,-1.0872,-0.919
1997-12,-0.0287,-0.2586
1998-01,0.2002,0.024
1998-02,0.5199,0.2902
1998-03,0.4001,0.2604
1998-04,0.5853,0.3369
1998-05,1.1524,0.3566
1998-06,0.975,0.3679
1998-07,0.9847,0.3684
1998-08,0.9807,0.6012
1998-09,0.9944,0.2852
1998-10,0.8527,0.2915
1998-11,0.4762,0.1175
1998-12,-0.0835,0.1007
1999-01,-0.72,-0.1891
1999-02,-0.6511,0.5309
1999-03,0.0821,0.982
1999-04,0.2461,1.2959
1999-05,-0.0823,1.3609
1999-06,0.1096,1.4051
1999-07,0.1095,1.4028
1999-08,0.1095,1.2205
1999-09,0.1048,1.2197
1999-10,0.5465,1.2129
1999-11,1.2129,0.8473
1999-12,0.7452,0.438
2000-01,0.5528,0.2918
2000-02,0.4376,0.4211
2000-03,-0.3157,0.324
2000-04,-1.055,0.07
2000-05,-0.8485,-0.0446
2000-06,-1.3441,-0.1342
2000-07,-1.3466,-0.1336
2000-08,-1.3109,-0.1401
2000-09,-1.2765,-0.1361
2000-10,-1.4493,-0.1513
2000-11,-2.1992,-0.1733
2000-12,-1.6407,-0.2239
2001-01,-0.3665,0.4712
2001-02,-0.5176,0.016
2001-03,-0.1576,-0.0613
2001-04,0.4494,-0.2019
2001-05,0.1711,-0.2007
2001-06,0.1699,-0.2016
2001-07,0.158,-0.201
2001-08,0.1233,-0.2047
2001-09,0.1266,-0.2015
2001-10,-0.0652,-0.192
2001-11,-0.5608,-0.2629
2001-12,-0.2473,0.0477
2002-01,-0.7092,0.0488
2002-02,-0.2347,-0.5162
2002-03,0.0483,-0.3209
2002-04,-0.3378,-0.3513
2002-05,-0.5669,-0.3503
2002-06,-0.4708,-0.3471
2002-07,-0.478,-0.3462
2002-08,-0.4661,-0.3513
2002-09,-0.5295,-0.3472
2002-10,-0.3733,-0.3199
2002-11,-0.1596,-0.3548
2002-12,-0.3027,-0.5291
2003-01,0.0091,-0.8339
2003-02,0.5969,-0.5895
2003-03,0.3594,-0.8557
2003-04,0.2167,-0.3949
2003-05,0.8034,-0.1841
2003-06,0.7524,-0.1845
2003-07,0.7595,-0.1839
2003-08,0.75,-0.1875
2003-09,0.9031,0.3555
2003-10,0.7243,0.5747
2003-11,1.0377,0.6333
2003-12,0.7004,0.6157
2004-01,-0.0019,0.1368
2004-02,-1.5243,-0.1596
2004-03,-1.8785,-0.4737
2004-04,-2.3489,-1.0268
2004-05,-2.0522,-1.1026
2004-06,-2.1327,-1.1017
2004-07,-2.1594,-1.0992
2004-08,-2.1659,-1.1103
2004-09,-2.0273,-1.7558
2004-10,-2.1131,-2.1951
2004-11,-2.3695,-1.3438
2004-12,-0.2972,-0.785
2005-01,-0.048,-0.6097
2005-02,0.429,1.1901
2005-03,0.827,1.6449
2005-04,1.2353,1.7535
2005-05,0.525,1.6567
2005-06,0.7533,1.6543
2005-07,0.7604,1.652
2005-08,0.7621,1.6637
2005-09,0.5132,1.58
2005-10,0.5642,1.555
2005-11,0.445,1.3726
2005-12,-1.0087,1.147
2006-01,-0.036,1.8404
2006-02,0.4726,0.5831
2006-03,0.3319,0.5784
2006-04,0.5091,0.5281
2006-05,1.0411,0.7033
2006-06,0.8385,0.7042
2006-07,0.8483,0.7035
2006-08,0.8501,0.7935
2006-09,0.8618,0.7942
2006-10,0.8533,0.7844
2006-11,0.7784,0.6925
2006-12,1.1624,0.4696
2007-01,0.5512,-0.1617
2007-02,0.0858,0.1918
2007-03,0.8007,0.3578
2007-04,0.5588,0.3476
2007-05,0.113,0.1615
2007-06,0.3762,0.2479
2007-07,0.3774,0.2528
2007-08,0.3786,0.1551
2007-09,0.3775,0.1589
2007-10,0.3123,0.1764
2007-11,0.7651,0.2931
2007-12,0.1868,0.1305
2008-01,-0.1513,0.3116
2008-02,0.0317,0.2134
2008-03,-1.1664,-0.5479
2008-04,-1.2555,-0.6359
2008-05,-1.1447,-0.616
2008-06,-1.4961,-0.7232
2008-07,-1.5156,-0.728
2008-08,-1.5171,-0.7362
2008-09,-1.0534,-0.6587
2008-10,-0.5484,-0.62
2008-11,-0.9017,-1.0026
2008-12,-0.6003,-0.9643
2009-01,-0.237,-1.5738
2009-02,-0.0977,-0.5947
2009-03,0.2376,-0.0514
2009-04,0.6873,0.7256
2009-05,0.9241,0.7047
2009-06,0.9342,0.7024
2009-07,0.9434,0.7017
2009-08,0.9434,0.7084
2009-09,0.8916,0.6579
2009-10,0.5485,0.6788
2009-11,0.8491,0.7366
2009-12,1.0752,1.1916
2010-01,1.5378,1.6034
2010-02,1.3791,0.8431
2010-03,1.4454,0.8248
2010-04,1.5003,0.2981
2010-05,1.2759,0.3414
2010-06,1.2844,0.3518
2010-07,1.2978,0.3519
2010-08,1.335,0.3515
2010-09,1.1535,0.3533
2010-10,1.125,0.291
2010-11,1.0347,0.4388
2010-12,0.6704,-0.009
2011-01,-0.4558,-0.738
2011-02,-0.5148,-0.0341
2011-03,-0.053,0.2852
2011-04,-0.5121,0.2511
2011-05,-0.5126,0.2066
2011-06,0.2703,0.2485
2011-07,0.2719,0.2482
2011-08,0.2356,0.2462
2011-09,0.1517,0.2949
2011-10,0.1985,0.3627
2011-11,0.7972,0.586
2011-12,0.9348,0.4788
2012-01,1.3849,1.2024
2012-02,1.3928,0.6954
2012-03,1.0471,0.5352
2012-04,0.853,0.3633
2012-05,0.745,0.3617
2012-06,0.0156,0.311
2012-07,0.015,0.3109
2012-08,0.0186,0.3115
2012-09,0.0131,0.2674
2012-10,0.172,0.2273
2012-11,-0.7719,-0.123
2012-12,-0.6574,0.1745
2013-01,-1.1319,-0.0564
2013-02,-0.7093,-0.0362
2013-03,-0.3774,0.0282
2013-04,0.0639,0.0967
2013-05,0.573,0.1013
2013-06,0.5809,0.1004
2013-07,0.5852,0.1007
2013-08,0.5835,0.233
2013-09,0.6203,0.2535
2013-10,0.4801,0.225
2013-11,0.9808,0.2636
2013-12,1.1473,0.4517
2014-01,1.2782,0.211
2014-02,0.7702,1.342
2014-03,0.831,1.2637
2014-04,0.7913,1.2791
2014-05,0.4238,1.2935
2014-06,0.5079,1.2949
2014-07,0.5124,1.2938
2014-08,0.5143,1.1982
2014-09,0.5116,1.1833
2014-10,0.367,1.1661
2014-11,-0.0706,1.4831
2014-12,0.2836,1.5054
